{
  "components": [
    {
      "bom-ref": "CacheControl==0.14.4",
      "description": "httplib2 caching for requests",
      "externalReferences": [
        {
          "comment": "from packaging metadata Project-URL: Issues",
          "type": "issue-tracker",
          "url": "https://github.com/psf/cachecontrol/issues"
        },
        {
          "comment": "from packaging metadata Project-URL: Source",
          "type": "other",
          "url": "https://github.com/psf/cachecontrol"
        },
        {
          "comment": "from packaging metadata Project-URL: Homepage",
          "type": "website",
          "url": "https://pypi.org/project/CacheControl/"
        }
      ],
      "licenses": [
        {
          "license": {
            "acknowledgement": "declared",
            "id": "Apache-2.0"
          }
        }
      ],
      "name": "CacheControl",
      "properties": [
        {
          "name": "cdx:python:package:required-extra",
          "value": "filecache"
        }
      ],
      "purl": "pkg:pypi/cachecontrol@0.14.4",
      "type": "library",
      "version": "0.14.4"
    },
    {
      "bom-ref": "GitPython==3.1.46",
      "description": "GitPython is a Python library used to interact with Git repositories",
      "externalReferences": [
        {
          "comment": "from packaging metadata: Home-page",
          "type": "website",
          "url": "https://github.com/gitpython-developers/GitPython"
        }
      ],
      "licenses": [
        {
          "license": {
            "acknowledgement": "declared",
            "id": "BSD-3-Clause"
          }
        }
      ],
      "name": "GitPython",
      "purl": "pkg:pypi/gitpython@3.1.46",
      "type": "library",
      "version": "3.1.46"
    },
    {
      "bom-ref": "Jinja2==3.1.6",
      "description": "A very fast and expressive template engine.",
      "externalReferences": [
        {
          "comment": "from packaging metadata Project-URL: Chat",
          "type": "chat",
          "url": "https://discord.gg/pallets"
        },
        {
          "comment": "from packaging metadata Project-URL: Documentation",
          "type": "documentation",
          "url": "https://jinja.palletsprojects.com/"
        },
        {
          "comment": "from packaging metadata Project-URL: Source",
          "type": "other",
          "url": "https://github.com/pallets/jinja/"
        },
        {
          "comment": "from packaging metadata Project-URL: Donate",
          "type": "other",
          "url": "https://palletsprojects.com/donate"
        },
        {
          "comment": "from packaging metadata Project-URL: Changes",
          "type": "release-notes",
          "url": "https://jinja.palletsprojects.com/changes/"
        }
      ],
      "licenses": [
        {
          "license": {
            "acknowledgement": "declared",
            "name": "License :: OSI Approved :: BSD License"
          }
        }
      ],
      "name": "Jinja2",
      "purl": "pkg:pypi/jinja2@3.1.6",
      "type": "library",
      "version": "3.1.6"
    },
    {
      "bom-ref": "MarkupSafe==3.0.3",
      "description": "Safely add untrusted strings to HTML/XML markup.",
      "externalReferences": [
        {
          "comment": "from packaging metadata Project-URL: Chat",
          "type": "chat",
          "url": "https://discord.gg/pallets"
        },
        {
          "comment": "from packaging metadata Project-URL: Documentation",
          "type": "documentation",
          "url": "https://markupsafe.palletsprojects.com/"
        },
        {
          "comment": "from packaging metadata Project-URL: Source",
          "type": "other",
          "url": "https://github.com/pallets/markupsafe/"
        },
        {
          "comment": "from packaging metadata Project-URL: Donate",
          "type": "other",
          "url": "https://palletsprojects.com/donate"
        },
        {
          "comment": "from packaging metadata Project-URL: Changes",
          "type": "release-notes",
          "url": "https://markupsafe.palletsprojects.com/page/changes/"
        }
      ],
      "licenses": [
        {
          "license": {
            "acknowledgement": "declared",
            "id": "BSD-3-Clause"
          }
        }
      ],
      "name": "MarkupSafe",
      "purl": "pkg:pypi/markupsafe@3.0.3",
      "type": "library",
      "version": "3.0.3"
    },
    {
      "bom-ref": "PyYAML==6.0.3",
      "description": "YAML parser and emitter for Python",
      "externalReferences": [
        {
          "comment": "from packaging metadata: Download-URL",
          "type": "distribution",
          "url": "https://pypi.org/project/PyYAML/"
        },
        {
          "comment": "from packaging metadata Project-URL: Documentation",
          "type": "documentation",
          "url": "https://pyyaml.org/wiki/PyYAMLDocumentation"
        },
        {
          "comment": "from packaging metadata Project-URL: Bug Tracker",
          "type": "issue-tracker",
          "url": "https://github.com/yaml/pyyaml/issues"
        },
        {
          "comment": "from packaging metadata Project-URL: Mailing lists",
          "type": "other",
          "url": "http://lists.sourceforge.net/lists/listinfo/yaml-core"
        },
        {
          "comment": "from packaging metadata Project-URL: Source Code",
          "type": "other",
          "url": "https://github.com/yaml/pyyaml"
        },
        {
          "comment": "from packaging metadata Project-URL: CI",
          "type": "other",
          "url": "https://github.com/yaml/pyyaml/actions"
        },
        {
          "comment": "from packaging metadata: Home-page",
          "type": "website",
          "url": "https://pyyaml.org/"
        }
      ],
      "licenses": [
        {
          "license": {
            "acknowledgement": "declared",
            "id": "MIT"
          }
        }
      ],
      "name": "PyYAML",
      "purl": "pkg:pypi/pyyaml@6.0.3",
      "type": "library",
      "version": "6.0.3"
    },
    {
      "bom-ref": "Pygments==2.19.2",
      "description": "Pygments is a syntax highlighting package written in Python.",
      "externalReferences": [
        {
          "comment": "from packaging metadata Project-URL: Documentation",
          "type": "documentation",
          "url": "https://pygments.org/docs"
        },
        {
          "comment": "from packaging metadata Project-URL: Bug Tracker",
          "type": "issue-tracker",
          "url": "https://github.com/pygments/pygments/issues"
        },
        {
          "comment": "from packaging metadata Project-URL: Source",
          "type": "other",
          "url": "https://github.com/pygments/pygments"
        },
        {
          "comment": "from packaging metadata Project-URL: Changelog",
          "type": "release-notes",
          "url": "https://github.com/pygments/pygments/blob/master/CHANGES"
        },
        {
          "comment": "from packaging metadata Project-URL: Homepage",
          "type": "website",
          "url": "https://pygments.org"
        }
      ],
      "licenses": [
        {
          "license": {
            "acknowledgement": "declared",
            "id": "BSD-2-Clause"
          }
        },
        {
          "license": {
            "acknowledgement": "declared",
            "name": "License :: OSI Approved :: BSD License"
          }
        }
      ],
      "name": "Pygments",
      "purl": "pkg:pypi/pygments@2.19.2",
      "type": "library",
      "version": "2.19.2"
    },
    {
      "bom-ref": "altair==6.0.0",
      "description": "Vega-Altair: A declarative statistical visualization library for Python.",
      "externalReferences": [
        {
          "comment": "from packaging metadata Project-URL: Documentation",
          "type": "documentation",
          "url": "https://altair-viz.github.io"
        },
        {
          "comment": "from packaging metadata Project-URL: Source",
          "type": "other",
          "url": "https://github.com/vega/altair"
        }
      ],
      "licenses": [
        {
          "license": {
            "acknowledgement": "declared",
            "name": "License :: OSI Approved :: BSD License"
          }
        }
      ],
      "name": "altair",
      "purl": "pkg:pypi/altair@6.0.0",
      "type": "library",
      "version": "6.0.0"
    },
    {
      "bom-ref": "arrow==1.4.0",
      "description": "Better dates & times for Python",
      "externalReferences": [
        {
          "comment": "from packaging metadata Project-URL: Documentation",
          "type": "documentation",
          "url": "https://arrow.readthedocs.io"
        },
        {
          "comment": "from packaging metadata Project-URL: Issues",
          "type": "issue-tracker",
          "url": "https://github.com/arrow-py/arrow/issues"
        },
        {
          "comment": "from packaging metadata Project-URL: Source",
          "type": "other",
          "url": "https://github.com/arrow-py/arrow"
        }
      ],
      "licenses": [
        {
          "license": {
            "acknowledgement": "declared",
            "name": "License :: OSI Approved :: Apache Software License"
          }
        }
      ],
      "name": "arrow",
      "purl": "pkg:pypi/arrow@1.4.0",
      "type": "library",
      "version": "1.4.0"
    },
    {
      "bom-ref": "attrs==25.4.0",
      "description": "Classes Without Boilerplate",
      "externalReferences": [
        {
          "comment": "from packaging metadata Project-URL: Documentation",
          "type": "documentation",
          "url": "https://www.attrs.org/"
        },
        {
          "comment": "from packaging metadata Project-URL: Funding",
          "type": "other",
          "url": "https://github.com/sponsors/hynek"
        },
        {
          "comment": "from packaging metadata Project-URL: Tidelift",
          "type": "other",
          "url": "https://tidelift.com/subscription/pkg/pypi-attrs?utm_source=pypi-attrs&utm_medium=pypi"
        },
        {
          "comment": "from packaging metadata Project-URL: Changelog",
          "type": "release-notes",
          "url": "https://www.attrs.org/en/stable/changelog.html"
        },
        {
          "comment": "from packaging metadata Project-URL: GitHub",
          "type": "vcs",
          "url": "https://github.com/python-attrs/attrs"
        }
      ],
      "licenses": [
        {
          "license": {
            "acknowledgement": "declared",
            "id": "MIT"
          }
        }
      ],
      "name": "attrs",
      "purl": "pkg:pypi/attrs@25.4.0",
      "type": "library",
      "version": "25.4.0"
    },
    {
      "bom-ref": "bandit==1.9.2",
      "description": "Security oriented static analyser for python code.",
      "externalReferences": [
        {
          "comment": "from packaging metadata Project-URL: Documentation",
          "type": "documentation",
          "url": "https://bandit.readthedocs.io/"
        },
        {
          "comment": "from packaging metadata Project-URL: Issue Tracker",
          "type": "issue-tracker",
          "url": "https://github.com/PyCQA/bandit/issues"
        },
        {
          "comment": "from packaging metadata Project-URL: Discord",
          "type": "other",
          "url": "https://discord.gg/qYxpadCgkx"
        },
        {
          "comment": "from packaging metadata Project-URL: Source Code",
          "type": "other",
          "url": "https://github.com/PyCQA/bandit"
        },
        {
          "comment": "from packaging metadata Project-URL: Release Notes",
          "type": "other",
          "url": "https://github.com/PyCQA/bandit/releases"
        },
        {
          "comment": "from packaging metadata Project-URL: Sponsor",
          "type": "other",
          "url": "https://psfmember.org/civicrm/contribute/transact/?reset=1&id=42"
        },
        {
          "comment": "from packaging metadata: Home-page",
          "type": "website",
          "url": "https://bandit.readthedocs.io/"
        }
      ],
      "licenses": [
        {
          "license": {
            "acknowledgement": "declared",
            "id": "Apache-2.0"
          }
        }
      ],
      "name": "bandit",
      "purl": "pkg:pypi/bandit@1.9.2",
      "type": "library",
      "version": "1.9.2"
    },
    {
      "bom-ref": "blinker==1.9.0",
      "description": "Fast, simple object-to-object and broadcast signaling",
      "externalReferences": [
        {
          "comment": "from packaging metadata Project-URL: Chat",
          "type": "chat",
          "url": "https://discord.gg/pallets"
        },
        {
          "comment": "from packaging metadata Project-URL: Documentation",
          "type": "documentation",
          "url": "https://blinker.readthedocs.io"
        },
        {
          "comment": "from packaging metadata Project-URL: Source",
          "type": "other",
          "url": "https://github.com/pallets-eco/blinker/"
        }
      ],
      "licenses": [
        {
          "license": {
            "acknowledgement": "declared",
            "id": "MIT"
          }
        }
      ],
      "name": "blinker",
      "purl": "pkg:pypi/blinker@1.9.0",
      "type": "library",
      "version": "1.9.0"
    },
    {
      "bom-ref": "boolean.py==5.0",
      "description": "Define boolean algebras, create and parse boolean expressions and create custom boolean DSL.",
      "externalReferences": [
        {
          "comment": "from packaging metadata: Home-page",
          "type": "website",
          "url": "https://github.com/bastikr/boolean.py"
        }
      ],
      "licenses": [
        {
          "license": {
            "acknowledgement": "declared",
            "id": "BSD-2-Clause"
          }
        }
      ],
      "name": "boolean.py",
      "purl": "pkg:pypi/boolean.py@5.0",
      "type": "library",
      "version": "5.0"
    },
    {
      "bom-ref": "cachetools==6.2.4",
      "description": "Extensible memoizing collections and decorators",
      "externalReferences": [
        {
          "comment": "from packaging metadata Project-URL: Homepage",
          "type": "website",
          "url": "https://github.com/tkem/cachetools/"
        }
      ],
      "licenses": [
        {
          "license": {
            "acknowledgement": "declared",
            "id": "MIT"
          }
        }
      ],
      "name": "cachetools",
      "purl": "pkg:pypi/cachetools@6.2.4",
      "type": "library",
      "version": "6.2.4"
    },
    {
      "bom-ref": "certifi==2026.1.4",
      "description": "Python package for providing Mozilla's CA Bundle.",
      "externalReferences": [
        {
          "comment": "from packaging metadata Project-URL: Source",
          "type": "other",
          "url": "https://github.com/certifi/python-certifi"
        },
        {
          "comment": "from packaging metadata: Home-page",
          "type": "website",
          "url": "https://github.com/certifi/python-certifi"
        }
      ],
      "licenses": [
        {
          "license": {
            "acknowledgement": "declared",
            "id": "MPL-2.0"
          }
        },
        {
          "license": {
            "acknowledgement": "declared",
            "name": "License :: OSI Approved :: Mozilla Public License 2.0 (MPL 2.0)"
          }
        }
      ],
      "name": "certifi",
      "purl": "pkg:pypi/certifi@2026.1.4",
      "type": "library",
      "version": "2026.1.4"
    },
    {
      "bom-ref": "chardet==5.2.0",
      "description": "Universal encoding detector for Python 3",
      "externalReferences": [
        {
          "comment": "from packaging metadata Project-URL: Documentation",
          "type": "documentation",
          "url": "https://chardet.readthedocs.io/"
        },
        {
          "comment": "from packaging metadata Project-URL: Issue Tracker",
          "type": "issue-tracker",
          "url": "https://github.com/chardet/chardet/issues"
        },
        {
          "comment": "from packaging metadata Project-URL: GitHub Project",
          "type": "other",
          "url": "https://github.com/chardet/chardet"
        },
        {
          "comment": "from packaging metadata: Home-page",
          "type": "website",
          "url": "https://github.com/chardet/chardet"
        }
      ],
      "licenses": [
        {
          "license": {
            "acknowledgement": "declared",
            "name": "License :: OSI Approved :: GNU Lesser General Public License v2 or later (LGPLv2+)"
          }
        }
      ],
      "name": "chardet",
      "purl": "pkg:pypi/chardet@5.2.0",
      "type": "library",
      "version": "5.2.0"
    },
    {
      "bom-ref": "charset-normalizer==3.4.4",
      "description": "The Real First Universal Charset Detector. Open, modern and actively maintained alternative to Chardet.",
      "externalReferences": [
        {
          "comment": "from packaging metadata Project-URL: Documentation",
          "type": "documentation",
          "url": "https://charset-normalizer.readthedocs.io/"
        },
        {
          "comment": "from packaging metadata Project-URL: Issue tracker",
          "type": "issue-tracker",
          "url": "https://github.com/jawah/charset_normalizer/issues"
        },
        {
          "comment": "from packaging metadata Project-URL: Code",
          "type": "other",
          "url": "https://github.com/jawah/charset_normalizer"
        },
        {
          "comment": "from packaging metadata Project-URL: Changelog",
          "type": "release-notes",
          "url": "https://github.com/jawah/charset_normalizer/blob/master/CHANGELOG.md"
        }
      ],
      "licenses": [
        {
          "license": {
            "acknowledgement": "declared",
            "id": "MIT"
          }
        }
      ],
      "name": "charset-normalizer",
      "purl": "pkg:pypi/charset-normalizer@3.4.4",
      "type": "library",
      "version": "3.4.4"
    },
    {
      "bom-ref": "click==8.3.1",
      "description": "Composable command line interface toolkit",
      "externalReferences": [
        {
          "comment": "from packaging metadata Project-URL: Chat",
          "type": "chat",
          "url": "https://discord.gg/pallets"
        },
        {
          "comment": "from packaging metadata Project-URL: Documentation",
          "type": "documentation",
          "url": "https://click.palletsprojects.com/"
        },
        {
          "comment": "from packaging metadata Project-URL: Source",
          "type": "other",
          "url": "https://github.com/pallets/click/"
        },
        {
          "comment": "from packaging metadata Project-URL: Donate",
          "type": "other",
          "url": "https://palletsprojects.com/donate"
        },
        {
          "comment": "from packaging metadata Project-URL: Changes",
          "type": "release-notes",
          "url": "https://click.palletsprojects.com/page/changes/"
        }
      ],
      "licenses": [
        {
          "license": {
            "acknowledgement": "declared",
            "id": "BSD-3-Clause"
          }
        }
      ],
      "name": "click",
      "purl": "pkg:pypi/click@8.3.1",
      "type": "library",
      "version": "8.3.1"
    },
    {
      "bom-ref": "colorama==0.4.6",
      "description": "Cross-platform colored terminal text.",
      "externalReferences": [
        {
          "comment": "from packaging metadata Project-URL: Homepage",
          "type": "website",
          "url": "https://github.com/tartley/colorama"
        }
      ],
      "licenses": [
        {
          "license": {
            "acknowledgement": "declared",
            "name": "License :: OSI Approved :: BSD License"
          }
        }
      ],
      "name": "colorama",
      "purl": "pkg:pypi/colorama@0.4.6",
      "type": "library",
      "version": "0.4.6"
    },
    {
      "bom-ref": "cyclonedx-bom==7.2.1",
      "description": "CycloneDX Software Bill of Materials (SBOM) generator for Python projects and environments",
      "externalReferences": [
        {
          "comment": "from packaging metadata Project-URL: Documentation",
          "type": "documentation",
          "url": "https://cyclonedx-bom-tool.readthedocs.io/"
        },
        {
          "comment": "from packaging metadata Project-URL: Bug Tracker",
          "type": "issue-tracker",
          "url": "https://github.com/CycloneDX/cyclonedx-python/issues"
        },
        {
          "comment": "from packaging metadata Project-URL: Funding",
          "type": "other",
          "url": "https://owasp.org/donate/?reponame=www-project-cyclonedx&title=OWASP+CycloneDX"
        },
        {
          "comment": "from packaging metadata Project-URL: Changelog",
          "type": "release-notes",
          "url": "https://github.com/CycloneDX/cyclonedx-python/releases"
        },
        {
          "comment": "from packaging metadata Project-URL: Repository",
          "type": "vcs",
          "url": "https://github.com/CycloneDX/cyclonedx-python/"
        },
        {
          "comment": "from packaging metadata Project-URL: Homepage",
          "type": "website",
          "url": "https://github.com/CycloneDX/cyclonedx-python/#readme"
        }
      ],
      "licenses": [
        {
          "license": {
            "acknowledgement": "declared",
            "id": "Apache-2.0"
          }
        },
        {
          "license": {
            "acknowledgement": "declared",
            "name": "License :: OSI Approved :: Apache Software License"
          }
        }
      ],
      "name": "cyclonedx-bom",
      "purl": "pkg:pypi/cyclonedx-bom@7.2.1",
      "type": "library",
      "version": "7.2.1"
    },
    {
      "bom-ref": "cyclonedx-python-lib==11.6.0",
      "description": "Python library for CycloneDX",
      "externalReferences": [
        {
          "comment": "from packaging metadata Project-URL: Documentation",
          "type": "documentation",
          "url": "https://cyclonedx-python-library.readthedocs.io/"
        },
        {
          "comment": "from packaging metadata Project-URL: Bug Tracker",
          "type": "issue-tracker",
          "url": "https://github.com/CycloneDX/cyclonedx-python-lib/issues"
        },
        {
          "comment": "from packaging metadata Project-URL: Funding",
          "type": "other",
          "url": "https://owasp.org/donate/?reponame=www-project-cyclonedx&title=OWASP+CycloneDX"
        },
        {
          "comment": "from packaging metadata Project-URL: Changelog",
          "type": "release-notes",
          "url": "https://github.com/CycloneDX/cyclonedx-python-lib/releases"
        },
        {
          "comment": "from packaging metadata Project-URL: Repository",
          "type": "vcs",
          "url": "https://github.com/CycloneDX/cyclonedx-python-lib"
        },
        {
          "comment": "from packaging metadata Project-URL: Homepage",
          "type": "website",
          "url": "https://github.com/CycloneDX/cyclonedx-python-lib/#readme"
        }
      ],
      "licenses": [
        {
          "license": {
            "acknowledgement": "declared",
            "id": "Apache-2.0"
          }
        },
        {
          "license": {
            "acknowledgement": "declared",
            "name": "License :: OSI Approved :: Apache Software License"
          }
        }
      ],
      "name": "cyclonedx-python-lib",
      "properties": [
        {
          "name": "cdx:python:package:required-extra",
          "value": "validation"
        }
      ],
      "purl": "pkg:pypi/cyclonedx-python-lib@11.6.0",
      "type": "library",
      "version": "11.6.0"
    },
    {
      "bom-ref": "defusedxml==0.7.1",
      "description": "XML bomb protection for Python stdlib modules",
      "externalReferences": [
        {
          "comment": "from packaging metadata: Download-URL",
          "type": "distribution",
          "url": "https://pypi.python.org/pypi/defusedxml"
        },
        {
          "comment": "from packaging metadata: Home-page",
          "type": "website",
          "url": "https://github.com/tiran/defusedxml"
        }
      ],
      "licenses": [
        {
          "license": {
            "acknowledgement": "declared",
            "id": "Python-2.0"
          }
        }
      ],
      "name": "defusedxml",
      "purl": "pkg:pypi/defusedxml@0.7.1",
      "type": "library",
      "version": "0.7.1"
    },
    {
      "bom-ref": "et_xmlfile==2.0.0",
      "description": "An implementation of lxml.xmlfile for the standard library",
      "externalReferences": [
        {
          "comment": "from packaging metadata Project-URL: Documentation",
          "type": "documentation",
          "url": "https://openpyxl.pages.heptapod.net/et_xmlfile/"
        },
        {
          "comment": "from packaging metadata Project-URL: Tracker",
          "type": "issue-tracker",
          "url": "https://foss.heptapod.net/openpyxl/et_xmfile/-/issues"
        },
        {
          "comment": "from packaging metadata Project-URL: Source",
          "type": "other",
          "url": "https://foss.heptapod.net/openpyxl/et_xmlfile"
        },
        {
          "comment": "from packaging metadata: Home-page",
          "type": "website",
          "url": "https://foss.heptapod.net/openpyxl/et_xmlfile"
        }
      ],
      "licenses": [
        {
          "license": {
            "acknowledgement": "declared",
            "id": "MIT"
          }
        }
      ],
      "name": "et_xmlfile",
      "purl": "pkg:pypi/et-xmlfile@2.0.0",
      "type": "library",
      "version": "2.0.0"
    },
    {
      "bom-ref": "filelock==3.20.2",
      "description": "A platform independent file lock.",
      "externalReferences": [
        {
          "comment": "from packaging metadata Project-URL: Documentation",
          "type": "documentation",
          "url": "https://py-filelock.readthedocs.io"
        },
        {
          "comment": "from packaging metadata Project-URL: Tracker",
          "type": "issue-tracker",
          "url": "https://github.com/tox-dev/py-filelock/issues"
        },
        {
          "comment": "from packaging metadata Project-URL: Source",
          "type": "other",
          "url": "https://github.com/tox-dev/py-filelock"
        },
        {
          "comment": "from packaging metadata Project-URL: Homepage",
          "type": "website",
          "url": "https://github.com/tox-dev/py-filelock"
        }
      ],
      "licenses": [
        {
          "license": {
            "acknowledgement": "declared",
            "id": "Unlicense"
          }
        }
      ],
      "name": "filelock",
      "purl": "pkg:pypi/filelock@3.20.2",
      "type": "library",
      "version": "3.20.2"
    },
    {
      "bom-ref": "fqdn==1.5.1",
      "description": "Validates fully-qualified domain names against RFC 1123, so that they are acceptable to modern bowsers",
      "externalReferences": [
        {
          "comment": "from packaging metadata: Home-page",
          "type": "website",
          "url": "https://github.com/ypcrts/fqdn"
        }
      ],
      "licenses": [
        {
          "license": {
            "acknowledgement": "declared",
            "name": "License :: OSI Approved :: Mozilla Public License 2.0 (MPL 2.0)"
          }
        }
      ],
      "name": "fqdn",
      "purl": "pkg:pypi/fqdn@1.5.1",
      "type": "library",
      "version": "1.5.1"
    },
    {
      "bom-ref": "gitdb==4.0.12",
      "description": "Git Object Database",
      "externalReferences": [
        {
          "comment": "from packaging metadata: Home-page",
          "type": "website",
          "url": "https://github.com/gitpython-developers/gitdb"
        }
      ],
      "licenses": [
        {
          "license": {
            "acknowledgement": "declared",
            "name": "License :: OSI Approved :: BSD License"
          }
        }
      ],
      "name": "gitdb",
      "purl": "pkg:pypi/gitdb@4.0.12",
      "type": "library",
      "version": "4.0.12"
    },
    {
      "bom-ref": "idna==3.11",
      "description": "Internationalized Domain Names in Applications (IDNA)",
      "externalReferences": [
        {
          "comment": "from packaging metadata Project-URL: Issue tracker",
          "type": "issue-tracker",
          "url": "https://github.com/kjd/idna/issues"
        },
        {
          "comment": "from packaging metadata Project-URL: Source",
          "type": "other",
          "url": "https://github.com/kjd/idna"
        },
        {
          "comment": "from packaging metadata Project-URL: Changelog",
          "type": "release-notes",
          "url": "https://github.com/kjd/idna/blob/master/HISTORY.rst"
        }
      ],
      "licenses": [
        {
          "license": {
            "acknowledgement": "declared",
            "id": "BSD-3-Clause"
          }
        }
      ],
      "name": "idna",
      "purl": "pkg:pypi/idna@3.11",
      "type": "library",
      "version": "3.11"
    },
    {
      "bom-ref": "isoduration==20.11.0",
      "description": "Operations with ISO 8601 durations",
      "externalReferences": [
        {
          "comment": "from packaging metadata Project-URL: Bug Reports",
          "type": "issue-tracker",
          "url": "https://github.com/bolsote/isoduration/issues"
        },
        {
          "comment": "from packaging metadata Project-URL: Changelog",
          "type": "release-notes",
          "url": "https://github.com/bolsote/isoduration/blob/master/CHANGELOG"
        },
        {
          "comment": "from packaging metadata Project-URL: Repository",
          "type": "vcs",
          "url": "https://github.com/bolsote/isoduration"
        },
        {
          "comment": "from packaging metadata: Home-page",
          "type": "website",
          "url": "https://github.com/bolsote/isoduration"
        }
      ],
      "licenses": [
        {
          "license": {
            "acknowledgement": "declared",
            "id": "ISC"
          }
        }
      ],
      "name": "isoduration",
      "purl": "pkg:pypi/isoduration@20.11.0",
      "type": "library",
      "version": "20.11.0"
    },
    {
      "bom-ref": "jsonpointer==3.0.0",
      "description": "Identify specific nodes in a JSON document (RFC 6901) ",
      "externalReferences": [
        {
          "comment": "from packaging metadata: Home-page",
          "type": "website",
          "url": "https://github.com/stefankoegl/python-json-pointer"
        }
      ],
      "licenses": [
        {
          "license": {
            "acknowledgement": "declared",
            "name": "License :: OSI Approved :: BSD License"
          }
        }
      ],
      "name": "jsonpointer",
      "purl": "pkg:pypi/jsonpointer@3.0.0",
      "type": "library",
      "version": "3.0.0"
    },
    {
      "bom-ref": "jsonschema==4.25.1",
      "description": "An implementation of JSON Schema validation for Python",
      "externalReferences": [
        {
          "comment": "from packaging metadata Project-URL: Documentation",
          "type": "documentation",
          "url": "https://python-jsonschema.readthedocs.io/"
        },
        {
          "comment": "from packaging metadata Project-URL: Issues",
          "type": "issue-tracker",
          "url": "https://github.com/python-jsonschema/jsonschema/issues/"
        },
        {
          "comment": "from packaging metadata Project-URL: Source",
          "type": "other",
          "url": "https://github.com/python-jsonschema/jsonschema"
        },
        {
          "comment": "from packaging metadata Project-URL: Funding",
          "type": "other",
          "url": "https://github.com/sponsors/Julian"
        },
        {
          "comment": "from packaging metadata Project-URL: Tidelift",
          "type": "other",
          "url": "https://tidelift.com/subscription/pkg/pypi-jsonschema?utm_source=pypi-jsonschema&utm_medium=referral&utm_campaign=pypi-link"
        },
        {
          "comment": "from packaging metadata Project-URL: Changelog",
          "type": "release-notes",
          "url": "https://github.com/python-jsonschema/jsonschema/blob/main/CHANGELOG.rst"
        },
        {
          "comment": "from packaging metadata Project-URL: Homepage",
          "type": "website",
          "url": "https://github.com/python-jsonschema/jsonschema"
        }
      ],
      "licenses": [
        {
          "license": {
            "acknowledgement": "declared",
            "id": "MIT"
          }
        }
      ],
      "name": "jsonschema",
      "properties": [
        {
          "name": "cdx:python:package:required-extra",
          "value": "format-nongpl"
        }
      ],
      "purl": "pkg:pypi/jsonschema@4.25.1",
      "type": "library",
      "version": "4.25.1"
    },
    {
      "bom-ref": "jsonschema-specifications==2025.9.1",
      "description": "The JSON Schema meta-schemas and vocabularies, exposed as a Registry",
      "externalReferences": [
        {
          "comment": "from packaging metadata Project-URL: Documentation",
          "type": "documentation",
          "url": "https://jsonschema-specifications.readthedocs.io/"
        },
        {
          "comment": "from packaging metadata Project-URL: Issues",
          "type": "issue-tracker",
          "url": "https://github.com/python-jsonschema/jsonschema-specifications/issues/"
        },
        {
          "comment": "from packaging metadata Project-URL: Source",
          "type": "other",
          "url": "https://github.com/python-jsonschema/jsonschema-specifications"
        },
        {
          "comment": "from packaging metadata Project-URL: Funding",
          "type": "other",
          "url": "https://github.com/sponsors/Julian"
        },
        {
          "comment": "from packaging metadata Project-URL: Tidelift",
          "type": "other",
          "url": "https://tidelift.com/subscription/pkg/pypi-jsonschema-specifications?utm_source=pypi-jsonschema-specifications&utm_medium=referral&utm_campaign=pypi-link"
        },
        {
          "comment": "from packaging metadata Project-URL: Homepage",
          "type": "website",
          "url": "https://github.com/python-jsonschema/jsonschema-specifications"
        }
      ],
      "licenses": [
        {
          "license": {
            "acknowledgement": "declared",
            "id": "MIT"
          }
        }
      ],
      "name": "jsonschema-specifications",
      "purl": "pkg:pypi/jsonschema-specifications@2025.9.1",
      "type": "library",
      "version": "2025.9.1"
    },
    {
      "bom-ref": "lark==1.3.1",
      "description": "a modern parsing library",
      "externalReferences": [
        {
          "comment": "from packaging metadata Project-URL: Download",
          "type": "distribution",
          "url": "https://github.com/lark-parser/lark/tarball/master"
        },
        {
          "comment": "from packaging metadata Project-URL: Homepage",
          "type": "website",
          "url": "https://github.com/lark-parser/lark"
        }
      ],
      "licenses": [
        {
          "license": {
            "acknowledgement": "declared",
            "id": "MIT"
          }
        }
      ],
      "name": "lark",
      "purl": "pkg:pypi/lark@1.3.1",
      "type": "library",
      "version": "1.3.1"
    },
    {
      "bom-ref": "license-expression==30.4.4",
      "description": "license-expression is a comprehensive utility library to parse, compare, simplify and normalize license expressions (such as SPDX license expressions) using boolean logic.",
      "externalReferences": [
        {
          "comment": "from packaging metadata: Home-page",
          "type": "website",
          "url": "https://github.com/aboutcode-org/license-expression"
        }
      ],
      "licenses": [
        {
          "license": {
            "acknowledgement": "declared",
            "id": "Apache-2.0"
          }
        }
      ],
      "name": "license-expression",
      "purl": "pkg:pypi/license-expression@30.4.4",
      "type": "library",
      "version": "30.4.4"
    },
    {
      "bom-ref": "lxml==6.0.2",
      "description": "Powerful and Pythonic XML processing library combining libxml2/libxslt with the ElementTree API.",
      "externalReferences": [
        {
          "comment": "from packaging metadata Project-URL: Bug Tracker",
          "type": "issue-tracker",
          "url": "https://bugs.launchpad.net/lxml"
        },
        {
          "comment": "from packaging metadata Project-URL: Source",
          "type": "other",
          "url": "https://github.com/lxml/lxml"
        },
        {
          "comment": "from packaging metadata: Home-page",
          "type": "website",
          "url": "https://lxml.de/"
        }
      ],
      "licenses": [
        {
          "license": {
            "acknowledgement": "declared",
            "id": "BSD-3-Clause"
          }
        }
      ],
      "name": "lxml",
      "purl": "pkg:pypi/lxml@6.0.2",
      "type": "library",
      "version": "6.0.2"
    },
    {
      "bom-ref": "markdown-it-py==4.0.0",
      "description": "Python port of markdown-it. Markdown parsing, done right!",
      "externalReferences": [
        {
          "comment": "from packaging metadata Project-URL: Documentation",
          "type": "documentation",
          "url": "https://markdown-it-py.readthedocs.io"
        },
        {
          "comment": "from packaging metadata Project-URL: Homepage",
          "type": "website",
          "url": "https://github.com/executablebooks/markdown-it-py"
        }
      ],
      "licenses": [
        {
          "license": {
            "acknowledgement": "declared",
            "id": "MIT"
          }
        }
      ],
      "name": "markdown-it-py",
      "purl": "pkg:pypi/markdown-it-py@4.0.0",
      "type": "library",
      "version": "4.0.0"
    },
    {
      "bom-ref": "mdurl==0.1.2",
      "description": "Markdown URL utilities",
      "externalReferences": [
        {
          "comment": "from packaging metadata Project-URL: Homepage",
          "type": "website",
          "url": "https://github.com/executablebooks/mdurl"
        }
      ],
      "licenses": [
        {
          "license": {
            "acknowledgement": "declared",
            "id": "MIT"
          }
        }
      ],
      "name": "mdurl",
      "purl": "pkg:pypi/mdurl@0.1.2",
      "type": "library",
      "version": "0.1.2"
    },
    {
      "bom-ref": "msgpack==1.1.2",
      "description": "MessagePack serializer",
      "externalReferences": [
        {
          "comment": "from packaging metadata Project-URL: Documentation",
          "type": "documentation",
          "url": "https://msgpack-python.readthedocs.io/"
        },
        {
          "comment": "from packaging metadata Project-URL: Tracker",
          "type": "issue-tracker",
          "url": "https://github.com/msgpack/msgpack-python/issues"
        },
        {
          "comment": "from packaging metadata Project-URL: Changelog",
          "type": "release-notes",
          "url": "https://github.com/msgpack/msgpack-python/blob/main/ChangeLog.rst"
        },
        {
          "comment": "from packaging metadata Project-URL: Repository",
          "type": "vcs",
          "url": "https://github.com/msgpack/msgpack-python/"
        },
        {
          "comment": "from packaging metadata Project-URL: Homepage",
          "type": "website",
          "url": "https://msgpack.org/"
        }
      ],
      "licenses": [
        {
          "license": {
            "acknowledgement": "declared",
            "id": "Apache-2.0"
          }
        }
      ],
      "name": "msgpack",
      "purl": "pkg:pypi/msgpack@1.1.2",
      "type": "library",
      "version": "1.1.2"
    },
    {
      "bom-ref": "narwhals==2.14.0",
      "description": "Extremely lightweight compatibility layer between dataframe libraries",
      "externalReferences": [
        {
          "comment": "from packaging metadata Project-URL: Documentation",
          "type": "documentation",
          "url": "https://narwhals-dev.github.io/narwhals/"
        },
        {
          "comment": "from packaging metadata Project-URL: Bug Tracker",
          "type": "issue-tracker",
          "url": "https://github.com/narwhals-dev/narwhals/issues"
        },
        {
          "comment": "from packaging metadata Project-URL: Repository",
          "type": "vcs",
          "url": "https://github.com/narwhals-dev/narwhals"
        },
        {
          "comment": "from packaging metadata Project-URL: Homepage",
          "type": "website",
          "url": "https://github.com/narwhals-dev/narwhals"
        }
      ],
      "licenses": [
        {
          "license": {
            "acknowledgement": "declared",
            "id": "MIT"
          }
        }
      ],
      "name": "narwhals",
      "purl": "pkg:pypi/narwhals@2.14.0",
      "type": "library",
      "version": "2.14.0"
    },
    {
      "bom-ref": "numpy==2.4.0",
      "description": "Fundamental package for array computing in Python",
      "externalReferences": [
        {
          "comment": "from packaging metadata Project-URL: download",
          "type": "distribution",
          "url": "https://pypi.org/project/numpy/#files"
        },
        {
          "comment": "from packaging metadata Project-URL: documentation",
          "type": "documentation",
          "url": "https://numpy.org/doc/"
        },
        {
          "comment": "from packaging metadata Project-URL: tracker",
          "type": "issue-tracker",
          "url": "https://github.com/numpy/numpy/issues"
        },
        {
          "comment": "from packaging metadata Project-URL: source",
          "type": "other",
          "url": "https://github.com/numpy/numpy"
        },
        {
          "comment": "from packaging metadata Project-URL: release notes",
          "type": "other",
          "url": "https://numpy.org/doc/stable/release"
        },
        {
          "comment": "from packaging metadata Project-URL: homepage",
          "type": "website",
          "url": "https://numpy.org"
        }
      ],
      "licenses": [
        {
          "acknowledgement": "declared",
          "expression": "BSD-3-Clause AND 0BSD AND MIT AND Zlib AND CC0-1.0"
        }
      ],
      "name": "numpy",
      "purl": "pkg:pypi/numpy@2.4.0",
      "type": "library",
      "version": "2.4.0"
    },
    {
      "bom-ref": "openpyxl==3.1.5",
      "description": "A Python library to read/write Excel 2010 xlsx/xlsm files",
      "externalReferences": [
        {
          "comment": "from packaging metadata Project-URL: Documentation",
          "type": "documentation",
          "url": "https://openpyxl.readthedocs.io/en/stable/"
        },
        {
          "comment": "from packaging metadata Project-URL: Tracker",
          "type": "issue-tracker",
          "url": "https://foss.heptapod.net/openpyxl/openpyxl/-/issues"
        },
        {
          "comment": "from packaging metadata Project-URL: Source",
          "type": "other",
          "url": "https://foss.heptapod.net/openpyxl/openpyxl"
        },
        {
          "comment": "from packaging metadata: Home-page",
          "type": "website",
          "url": "https://openpyxl.readthedocs.io"
        }
      ],
      "licenses": [
        {
          "license": {
            "acknowledgement": "declared",
            "id": "MIT"
          }
        }
      ],
      "name": "openpyxl",
      "purl": "pkg:pypi/openpyxl@3.1.5",
      "type": "library",
      "version": "3.1.5"
    },
    {
      "bom-ref": "packageurl-python==0.17.6",
      "description": "A purl aka. Package URL parser and builder",
      "externalReferences": [
        {
          "comment": "from packaging metadata: Home-page",
          "type": "website",
          "url": "https://github.com/package-url/packageurl-python"
        }
      ],
      "licenses": [
        {
          "license": {
            "acknowledgement": "declared",
            "id": "MIT"
          }
        }
      ],
      "name": "packageurl-python",
      "purl": "pkg:pypi/packageurl-python@0.17.6",
      "type": "library",
      "version": "0.17.6"
    },
    {
      "bom-ref": "packaging==25.0",
      "description": "Core utilities for Python packages",
      "externalReferences": [
        {
          "comment": "from packaging metadata Project-URL: Documentation",
          "type": "documentation",
          "url": "https://packaging.pypa.io/"
        },
        {
          "comment": "from packaging metadata Project-URL: Source",
          "type": "other",
          "url": "https://github.com/pypa/packaging"
        }
      ],
      "licenses": [
        {
          "license": {
            "acknowledgement": "declared",
            "name": "License :: OSI Approved :: Apache Software License"
          }
        },
        {
          "license": {
            "acknowledgement": "declared",
            "name": "License :: OSI Approved :: BSD License"
          }
        }
      ],
      "name": "packaging",
      "purl": "pkg:pypi/packaging@25.0",
      "type": "library",
      "version": "25.0"
    },
    {
      "bom-ref": "pandas==2.3.3",
      "description": "Powerful data structures for data analysis, time series, and statistics",
      "externalReferences": [
        {
          "comment": "from packaging metadata Project-URL: documentation",
          "type": "documentation",
          "url": "https://pandas.pydata.org/docs/"
        },
        {
          "comment": "from packaging metadata Project-URL: repository",
          "type": "vcs",
          "url": "https://github.com/pandas-dev/pandas"
        },
        {
          "comment": "from packaging metadata Project-URL: homepage",
          "type": "website",
          "url": "https://pandas.pydata.org"
        }
      ],
      "licenses": [
        {
          "license": {
            "acknowledgement": "declared",
            "name": "License :: OSI Approved :: BSD License"
          }
        }
      ],
      "name": "pandas",
      "purl": "pkg:pypi/pandas@2.3.3",
      "type": "library",
      "version": "2.3.3"
    },
    {
      "bom-ref": "pillow==12.1.0",
      "description": "Python Imaging Library (fork)",
      "externalReferences": [
        {
          "comment": "from packaging metadata Project-URL: Documentation",
          "type": "documentation",
          "url": "https://pillow.readthedocs.io"
        },
        {
          "comment": "from packaging metadata Project-URL: Mastodon",
          "type": "other",
          "url": "https://fosstodon.org/@pillow"
        },
        {
          "comment": "from packaging metadata Project-URL: Source",
          "type": "other",
          "url": "https://github.com/python-pillow/Pillow"
        },
        {
          "comment": "from packaging metadata Project-URL: Release notes",
          "type": "other",
          "url": "https://pillow.readthedocs.io/en/stable/releasenotes/index.html"
        },
        {
          "comment": "from packaging metadata Project-URL: Funding",
          "type": "other",
          "url": "https://tidelift.com/subscription/pkg/pypi-pillow?utm_source=pypi-pillow&utm_medium=pypi"
        },
        {
          "comment": "from packaging metadata Project-URL: Changelog",
          "type": "release-notes",
          "url": "https://github.com/python-pillow/Pillow/releases"
        },
        {
          "comment": "from packaging metadata Project-URL: Homepage",
          "type": "website",
          "url": "https://python-pillow.github.io"
        }
      ],
      "licenses": [
        {
          "license": {
            "acknowledgement": "declared",
            "id": "MIT-CMU"
          }
        }
      ],
      "name": "pillow",
      "purl": "pkg:pypi/pillow@12.1.0",
      "type": "library",
      "version": "12.1.0"
    },
    {
      "bom-ref": "pip==25.3",
      "description": "The PyPA recommended tool for installing Python packages.",
      "externalReferences": [
        {
          "comment": "from packaging metadata Project-URL: Documentation",
          "type": "documentation",
          "url": "https://pip.pypa.io"
        },
        {
          "comment": "from packaging metadata Project-URL: Source",
          "type": "other",
          "url": "https://github.com/pypa/pip"
        },
        {
          "comment": "from packaging metadata Project-URL: Changelog",
          "type": "release-notes",
          "url": "https://pip.pypa.io/en/stable/news/"
        },
        {
          "comment": "from packaging metadata Project-URL: Homepage",
          "type": "website",
          "url": "https://pip.pypa.io/"
        }
      ],
      "licenses": [
        {
          "license": {
            "acknowledgement": "declared",
            "id": "MIT"
          }
        }
      ],
      "name": "pip",
      "purl": "pkg:pypi/pip@25.3",
      "type": "library",
      "version": "25.3"
    },
    {
      "bom-ref": "pip-api==0.0.34",
      "description": "An unofficial, importable pip API",
      "externalReferences": [
        {
          "comment": "from packaging metadata: Home-page",
          "type": "website",
          "url": "http://github.com/di/pip-api"
        }
      ],
      "licenses": [
        {
          "license": {
            "acknowledgement": "declared",
            "name": "License :: OSI Approved :: Apache Software License"
          }
        }
      ],
      "name": "pip-api",
      "purl": "pkg:pypi/pip-api@0.0.34",
      "type": "library",
      "version": "0.0.34"
    },
    {
      "bom-ref": "pip-requirements-parser==32.0.1",
      "description": "pip requirements parser - a mostly correct pip requirements parsing library because it uses pip's own code.",
      "externalReferences": [
        {
          "comment": "from packaging metadata: Home-page",
          "type": "website",
          "url": "https://github.com/nexB/pip-requirements-parser"
        }
      ],
      "licenses": [
        {
          "license": {
            "acknowledgement": "declared",
            "id": "MIT"
          }
        }
      ],
      "name": "pip-requirements-parser",
      "purl": "pkg:pypi/pip-requirements-parser@32.0.1",
      "type": "library",
      "version": "32.0.1"
    },
    {
      "bom-ref": "pip_audit==2.10.0",
      "description": "A tool for scanning Python environments for known vulnerabilities",
      "externalReferences": [
        {
          "comment": "from packaging metadata Project-URL: Issues",
          "type": "issue-tracker",
          "url": "https://github.com/pypa/pip-audit/issues"
        },
        {
          "comment": "from packaging metadata Project-URL: Source",
          "type": "other",
          "url": "https://github.com/pypa/pip-audit"
        },
        {
          "comment": "from packaging metadata Project-URL: Homepage",
          "type": "website",
          "url": "https://pypi.org/project/pip-audit/"
        }
      ],
      "licenses": [
        {
          "license": {
            "acknowledgement": "declared",
            "name": "License :: OSI Approved :: Apache Software License"
          }
        }
      ],
      "name": "pip_audit",
      "purl": "pkg:pypi/pip-audit@2.10.0",
      "type": "library",
      "version": "2.10.0"
    },
    {
      "bom-ref": "platformdirs==4.5.1",
      "description": "A small Python package for determining appropriate platform-specific dirs, e.g. a `user data dir`.",
      "externalReferences": [
        {
          "comment": "from packaging metadata Project-URL: Documentation",
          "type": "documentation",
          "url": "https://platformdirs.readthedocs.io"
        },
        {
          "comment": "from packaging metadata Project-URL: Tracker",
          "type": "issue-tracker",
          "url": "https://github.com/tox-dev/platformdirs/issues"
        },
        {
          "comment": "from packaging metadata Project-URL: Source",
          "type": "other",
          "url": "https://github.com/tox-dev/platformdirs"
        },
        {
          "comment": "from packaging metadata Project-URL: Changelog",
          "type": "release-notes",
          "url": "https://github.com/tox-dev/platformdirs/releases"
        },
        {
          "comment": "from packaging metadata Project-URL: Homepage",
          "type": "website",
          "url": "https://github.com/tox-dev/platformdirs"
        }
      ],
      "licenses": [
        {
          "license": {
            "acknowledgement": "declared",
            "id": "MIT"
          }
        }
      ],
      "name": "platformdirs",
      "purl": "pkg:pypi/platformdirs@4.5.1",
      "type": "library",
      "version": "4.5.1"
    },
    {
      "bom-ref": "protobuf==6.33.2",
      "externalReferences": [
        {
          "comment": "from packaging metadata: Home-page",
          "type": "website",
          "url": "https://developers.google.com/protocol-buffers/"
        }
      ],
      "name": "protobuf",
      "purl": "pkg:pypi/protobuf@6.33.2",
      "type": "library",
      "version": "6.33.2"
    },
    {
      "bom-ref": "py-serializable==2.1.0",
      "description": "Library for serializing and deserializing Python Objects to and from JSON and XML.",
      "externalReferences": [
        {
          "comment": "from packaging metadata Project-URL: Documentation",
          "type": "documentation",
          "url": "https://py-serializable.readthedocs.io/"
        },
        {
          "comment": "from packaging metadata Project-URL: Bug Tracker",
          "type": "issue-tracker",
          "url": "https://github.com/madpah/serializable/issues"
        },
        {
          "comment": "from packaging metadata Project-URL: Repository",
          "type": "vcs",
          "url": "https://github.com/madpah/serializable"
        },
        {
          "comment": "from packaging metadata Project-URL: Homepage",
          "type": "website",
          "url": "https://github.com/madpah/serializable#readme"
        }
      ],
      "licenses": [
        {
          "license": {
            "acknowledgement": "declared",
            "id": "Apache-2.0"
          }
        },
        {
          "license": {
            "acknowledgement": "declared",
            "name": "License :: OSI Approved :: Apache Software License"
          }
        }
      ],
      "name": "py-serializable",
      "purl": "pkg:pypi/py-serializable@2.1.0",
      "type": "library",
      "version": "2.1.0"
    },
    {
      "bom-ref": "pyarrow==22.0.0",
      "description": "Python library for Apache Arrow",
      "externalReferences": [
        {
          "comment": "from packaging metadata Project-URL: Documentation",
          "type": "documentation",
          "url": "https://arrow.apache.org/docs/python"
        },
        {
          "comment": "from packaging metadata Project-URL: Issues",
          "type": "issue-tracker",
          "url": "https://github.com/apache/arrow/issues"
        },
        {
          "comment": "from packaging metadata Project-URL: Repository",
          "type": "vcs",
          "url": "https://github.com/apache/arrow"
        },
        {
          "comment": "from packaging metadata Project-URL: Homepage",
          "type": "website",
          "url": "https://arrow.apache.org/"
        }
      ],
      "licenses": [
        {
          "license": {
            "acknowledgement": "declared",
            "name": "License :: OSI Approved :: Apache Software License"
          }
        }
      ],
      "name": "pyarrow",
      "purl": "pkg:pypi/pyarrow@22.0.0",
      "type": "library",
      "version": "22.0.0"
    },
    {
      "bom-ref": "pydeck==0.9.1",
      "description": "Widget for deck.gl maps",
      "externalReferences": [
        {
          "comment": "from packaging metadata: Home-page",
          "type": "website",
          "url": "https://github.com/visgl/deck.gl/tree/master/bindings/pydeck"
        }
      ],
      "name": "pydeck",
      "purl": "pkg:pypi/pydeck@0.9.1",
      "type": "library",
      "version": "0.9.1"
    },
    {
      "bom-ref": "pyparsing==3.3.1",
      "description": "pyparsing - Classes and methods to define and execute parsing grammars",
      "externalReferences": [
        {
          "comment": "from packaging metadata Project-URL: Homepage",
          "type": "website",
          "url": "https://github.com/pyparsing/pyparsing/"
        }
      ],
      "licenses": [
        {
          "license": {
            "acknowledgement": "declared",
            "id": "MIT"
          }
        }
      ],
      "name": "pyparsing",
      "purl": "pkg:pypi/pyparsing@3.3.1",
      "type": "library",
      "version": "3.3.1"
    },
    {
      "bom-ref": "python-dateutil==2.9.0.post0",
      "description": "Extensions to the standard Python datetime module",
      "externalReferences": [
        {
          "comment": "from packaging metadata Project-URL: Documentation",
          "type": "documentation",
          "url": "https://dateutil.readthedocs.io/en/stable/"
        },
        {
          "comment": "from packaging metadata Project-URL: Source",
          "type": "other",
          "url": "https://github.com/dateutil/dateutil"
        },
        {
          "comment": "from packaging metadata: Home-page",
          "type": "website",
          "url": "https://github.com/dateutil/dateutil"
        }
      ],
      "licenses": [
        {
          "license": {
            "acknowledgement": "declared",
            "name": "License :: OSI Approved :: Apache Software License"
          }
        },
        {
          "license": {
            "acknowledgement": "declared",
            "name": "License :: OSI Approved :: BSD License"
          }
        }
      ],
      "name": "python-dateutil",
      "purl": "pkg:pypi/python-dateutil@2.9.0.post0",
      "type": "library",
      "version": "2.9.0.post0"
    },
    {
      "bom-ref": "pytz==2025.2",
      "description": "World timezone definitions, modern and historical",
      "externalReferences": [
        {
          "comment": "from packaging metadata: Download-URL",
          "type": "distribution",
          "url": "https://pypi.org/project/pytz/"
        },
        {
          "comment": "from packaging metadata: Home-page",
          "type": "website",
          "url": "http://pythonhosted.org/pytz"
        }
      ],
      "licenses": [
        {
          "license": {
            "acknowledgement": "declared",
            "id": "MIT"
          }
        }
      ],
      "name": "pytz",
      "purl": "pkg:pypi/pytz@2025.2",
      "type": "library",
      "version": "2025.2"
    },
    {
      "bom-ref": "referencing==0.37.0",
      "description": "JSON Referencing + Python",
      "externalReferences": [
        {
          "comment": "from packaging metadata Project-URL: Documentation",
          "type": "documentation",
          "url": "https://referencing.readthedocs.io/"
        },
        {
          "comment": "from packaging metadata Project-URL: Issues",
          "type": "issue-tracker",
          "url": "https://github.com/python-jsonschema/referencing/issues/"
        },
        {
          "comment": "from packaging metadata Project-URL: Source",
          "type": "other",
          "url": "https://github.com/python-jsonschema/referencing"
        },
        {
          "comment": "from packaging metadata Project-URL: Funding",
          "type": "other",
          "url": "https://github.com/sponsors/Julian"
        },
        {
          "comment": "from packaging metadata Project-URL: Tidelift",
          "type": "other",
          "url": "https://tidelift.com/subscription/pkg/pypi-referencing?utm_source=pypi-referencing&utm_medium=referral&utm_campaign=pypi-link"
        },
        {
          "comment": "from packaging metadata Project-URL: Changelog",
          "type": "release-notes",
          "url": "https://referencing.readthedocs.io/en/stable/changes/"
        },
        {
          "comment": "from packaging metadata Project-URL: Homepage",
          "type": "website",
          "url": "https://github.com/python-jsonschema/referencing"
        }
      ],
      "licenses": [
        {
          "license": {
            "acknowledgement": "declared",
            "id": "MIT"
          }
        }
      ],
      "name": "referencing",
      "purl": "pkg:pypi/referencing@0.37.0",
      "type": "library",
      "version": "0.37.0"
    },
    {
      "bom-ref": "requests==2.32.5",
      "description": "Python HTTP for Humans.",
      "externalReferences": [
        {
          "comment": "from packaging metadata Project-URL: Documentation",
          "type": "documentation",
          "url": "https://requests.readthedocs.io"
        },
        {
          "comment": "from packaging metadata Project-URL: Source",
          "type": "other",
          "url": "https://github.com/psf/requests"
        },
        {
          "comment": "from packaging metadata: Home-page",
          "type": "website",
          "url": "https://requests.readthedocs.io"
        }
      ],
      "licenses": [
        {
          "license": {
            "acknowledgement": "declared",
            "id": "Apache-2.0"
          }
        },
        {
          "license": {
            "acknowledgement": "declared",
            "name": "License :: OSI Approved :: Apache Software License"
          }
        }
      ],
      "name": "requests",
      "purl": "pkg:pypi/requests@2.32.5",
      "type": "library",
      "version": "2.32.5"
    },
    {
      "bom-ref": "rfc3339-validator==0.1.4",
      "description": "A pure python RFC3339 validator",
      "externalReferences": [
        {
          "comment": "from packaging metadata: Home-page",
          "type": "website",
          "url": "https://github.com/naimetti/rfc3339-validator"
        }
      ],
      "licenses": [
        {
          "license": {
            "acknowledgement": "declared",
            "id": "MIT"
          }
        }
      ],
      "name": "rfc3339-validator",
      "purl": "pkg:pypi/rfc3339-validator@0.1.4",
      "type": "library",
      "version": "0.1.4"
    },
    {
      "bom-ref": "rfc3986-validator==0.1.1",
      "description": "Pure python rfc3986 validator",
      "externalReferences": [
        {
          "comment": "from packaging metadata: Home-page",
          "type": "website",
          "url": "https://github.com/naimetti/rfc3986-validator"
        }
      ],
      "licenses": [
        {
          "license": {
            "acknowledgement": "declared",
            "id": "MIT"
          }
        }
      ],
      "name": "rfc3986-validator",
      "purl": "pkg:pypi/rfc3986-validator@0.1.1",
      "type": "library",
      "version": "0.1.1"
    },
    {
      "bom-ref": "rfc3987-syntax==1.1.0",
      "description": "Helper functions to syntactically validate strings according to RFC 3987.",
      "externalReferences": [
        {
          "comment": "from packaging metadata Project-URL: Documentation",
          "type": "documentation",
          "url": "https://github.com/willynilly/rfc3987-syntax#readme"
        },
        {
          "comment": "from packaging metadata Project-URL: Issues",
          "type": "issue-tracker",
          "url": "https://github.com/willynilly/rfc3987-syntax/issues"
        },
        {
          "comment": "from packaging metadata Project-URL: Source",
          "type": "other",
          "url": "https://github.com/willynilly/rfc3987-syntax"
        },
        {
          "comment": "from packaging metadata Project-URL: Homepage",
          "type": "website",
          "url": "https://github.com/willynilly/rfc3987-syntax"
        }
      ],
      "licenses": [
        {
          "license": {
            "acknowledgement": "declared",
            "id": "MIT"
          }
        }
      ],
      "name": "rfc3987-syntax",
      "purl": "pkg:pypi/rfc3987-syntax@1.1.0",
      "type": "library",
      "version": "1.1.0"
    },
    {
      "bom-ref": "rich==14.2.0",
      "description": "Render rich text, tables, progress bars, syntax highlighting, markdown and more to the terminal",
      "externalReferences": [
        {
          "comment": "from packaging metadata Project-URL: Documentation",
          "type": "documentation",
          "url": "https://rich.readthedocs.io/en/latest/"
        },
        {
          "comment": "from packaging metadata Project-URL: Homepage",
          "type": "website",
          "url": "https://github.com/Textualize/rich"
        }
      ],
      "licenses": [
        {
          "license": {
            "acknowledgement": "declared",
            "id": "MIT"
          }
        }
      ],
      "name": "rich",
      "purl": "pkg:pypi/rich@14.2.0",
      "type": "library",
      "version": "14.2.0"
    },
    {
      "bom-ref": "rpds-py==0.30.0",
      "description": "Python bindings to Rust's persistent data structures (rpds)",
      "externalReferences": [
        {
          "comment": "from packaging metadata Project-URL: Documentation",
          "type": "documentation",
          "url": "https://rpds.readthedocs.io/"
        },
        {
          "comment": "from packaging metadata Project-URL: Issues",
          "type": "issue-tracker",
          "url": "https://github.com/crate-py/rpds/issues/"
        },
        {
          "comment": "from packaging metadata Project-URL: Source",
          "type": "other",
          "url": "https://github.com/crate-py/rpds"
        },
        {
          "comment": "from packaging metadata Project-URL: Upstream",
          "type": "other",
          "url": "https://github.com/orium/rpds"
        },
        {
          "comment": "from packaging metadata Project-URL: Funding",
          "type": "other",
          "url": "https://github.com/sponsors/Julian"
        },
        {
          "comment": "from packaging metadata Project-URL: Tidelift",
          "type": "other",
          "url": "https://tidelift.com/subscription/pkg/pypi-rpds-py?utm_source=pypi-rpds-py&utm_medium=referral&utm_campaign=pypi-link"
        },
        {
          "comment": "from packaging metadata Project-URL: Homepage",
          "type": "website",
          "url": "https://github.com/crate-py/rpds"
        }
      ],
      "licenses": [
        {
          "license": {
            "acknowledgement": "declared",
            "id": "MIT"
          }
        }
      ],
      "name": "rpds-py",
      "purl": "pkg:pypi/rpds-py@0.30.0",
      "type": "library",
      "version": "0.30.0"
    },
    {
      "bom-ref": "six==1.17.0",
      "description": "Python 2 and 3 compatibility utilities",
      "externalReferences": [
        {
          "comment": "from packaging metadata: Home-page",
          "type": "website",
          "url": "https://github.com/benjaminp/six"
        }
      ],
      "licenses": [
        {
          "license": {
            "acknowledgement": "declared",
            "id": "MIT"
          }
        }
      ],
      "name": "six",
      "purl": "pkg:pypi/six@1.17.0",
      "type": "library",
      "version": "1.17.0"
    },
    {
      "bom-ref": "smmap==5.0.2",
      "description": "A pure Python implementation of a sliding window memory map manager",
      "externalReferences": [
        {
          "comment": "from packaging metadata: Home-page",
          "type": "website",
          "url": "https://github.com/gitpython-developers/smmap"
        }
      ],
      "licenses": [
        {
          "license": {
            "acknowledgement": "declared",
            "id": "BSD-3-Clause"
          }
        },
        {
          "license": {
            "acknowledgement": "declared",
            "name": "License :: OSI Approved :: BSD License"
          }
        }
      ],
      "name": "smmap",
      "purl": "pkg:pypi/smmap@5.0.2",
      "type": "library",
      "version": "5.0.2"
    },
    {
      "bom-ref": "sortedcontainers==2.4.0",
      "description": "Sorted Containers -- Sorted List, Sorted Dict, Sorted Set",
      "externalReferences": [
        {
          "comment": "from packaging metadata: Home-page",
          "type": "website",
          "url": "http://www.grantjenks.com/docs/sortedcontainers/"
        }
      ],
      "licenses": [
        {
          "license": {
            "acknowledgement": "declared",
            "name": "License :: OSI Approved :: Apache Software License"
          }
        }
      ],
      "name": "sortedcontainers",
      "purl": "pkg:pypi/sortedcontainers@2.4.0",
      "type": "library",
      "version": "2.4.0"
    },
    {
      "bom-ref": "stevedore==5.6.0",
      "description": "Manage dynamic plugins for Python applications",
      "externalReferences": [
        {
          "comment": "from packaging metadata Project-URL: Repository",
          "type": "vcs",
          "url": "https://opendev.org/openstack/stevedore"
        },
        {
          "comment": "from packaging metadata Project-URL: Homepage",
          "type": "website",
          "url": "https://docs.openstack.org/stevedore"
        }
      ],
      "licenses": [
        {
          "license": {
            "acknowledgement": "declared",
            "id": "Apache-2.0"
          }
        },
        {
          "license": {
            "acknowledgement": "declared",
            "name": "License :: OSI Approved :: Apache Software License"
          }
        }
      ],
      "name": "stevedore",
      "purl": "pkg:pypi/stevedore@5.6.0",
      "type": "library",
      "version": "5.6.0"
    },
    {
      "bom-ref": "streamlit==1.52.2",
      "description": "A faster way to build and share data apps",
      "externalReferences": [
        {
          "comment": "from packaging metadata Project-URL: Documentation",
          "type": "documentation",
          "url": "https://docs.streamlit.io/"
        },
        {
          "comment": "from packaging metadata Project-URL: Bug Tracker",
          "type": "issue-tracker",
          "url": "https://github.com/streamlit/streamlit/issues"
        },
        {
          "comment": "from packaging metadata Project-URL: Community",
          "type": "other",
          "url": "https://discuss.streamlit.io/"
        },
        {
          "comment": "from packaging metadata Project-URL: Release notes",
          "type": "other",
          "url": "https://docs.streamlit.io/develop/quick-reference/changelog"
        },
        {
          "comment": "from packaging metadata Project-URL: Source Code",
          "type": "other",
          "url": "https://github.com/streamlit/streamlit"
        },
        {
          "comment": "from packaging metadata Project-URL: Twitter",
          "type": "other",
          "url": "https://twitter.com/streamlit"
        },
        {
          "comment": "from packaging metadata: Home-page",
          "type": "website",
          "url": "https://streamlit.io"
        }
      ],
      "licenses": [
        {
          "license": {
            "acknowledgement": "declared",
            "name": "License :: OSI Approved :: Apache Software License"
          }
        }
      ],
      "name": "streamlit",
      "purl": "pkg:pypi/streamlit@1.52.2",
      "type": "library",
      "version": "1.52.2"
    },
    {
      "bom-ref": "tenacity==9.1.2",
      "description": "Retry code until it succeeds",
      "externalReferences": [
        {
          "comment": "from packaging metadata: Home-page",
          "type": "website",
          "url": "https://github.com/jd/tenacity"
        }
      ],
      "licenses": [
        {
          "license": {
            "acknowledgement": "declared",
            "name": "License :: OSI Approved :: Apache Software License"
          }
        }
      ],
      "name": "tenacity",
      "purl": "pkg:pypi/tenacity@9.1.2",
      "type": "library",
      "version": "9.1.2"
    },
    {
      "bom-ref": "toml==0.10.2",
      "description": "Python Library for Tom's Obvious, Minimal Language",
      "externalReferences": [
        {
          "comment": "from packaging metadata: Home-page",
          "type": "website",
          "url": "https://github.com/uiri/toml"
        }
      ],
      "licenses": [
        {
          "license": {
            "acknowledgement": "declared",
            "id": "MIT"
          }
        }
      ],
      "name": "toml",
      "purl": "pkg:pypi/toml@0.10.2",
      "type": "library",
      "version": "0.10.2"
    },
    {
      "bom-ref": "tomli==2.3.0",
      "description": "A lil' TOML parser",
      "externalReferences": [
        {
          "comment": "from packaging metadata Project-URL: Changelog",
          "type": "release-notes",
          "url": "https://github.com/hukkin/tomli/blob/master/CHANGELOG.md"
        },
        {
          "comment": "from packaging metadata Project-URL: Homepage",
          "type": "website",
          "url": "https://github.com/hukkin/tomli"
        }
      ],
      "licenses": [
        {
          "license": {
            "acknowledgement": "declared",
            "id": "MIT"
          }
        }
      ],
      "name": "tomli",
      "purl": "pkg:pypi/tomli@2.3.0",
      "type": "library",
      "version": "2.3.0"
    },
    {
      "bom-ref": "tomli_w==1.2.0",
      "description": "A lil' TOML writer",
      "externalReferences": [
        {
          "comment": "from packaging metadata Project-URL: Changelog",
          "type": "release-notes",
          "url": "https://github.com/hukkin/tomli-w/blob/master/CHANGELOG.md"
        },
        {
          "comment": "from packaging metadata Project-URL: Homepage",
          "type": "website",
          "url": "https://github.com/hukkin/tomli-w"
        }
      ],
      "licenses": [
        {
          "license": {
            "acknowledgement": "declared",
            "id": "MIT"
          }
        }
      ],
      "name": "tomli_w",
      "purl": "pkg:pypi/tomli-w@1.2.0",
      "type": "library",
      "version": "1.2.0"
    },
    {
      "bom-ref": "tornado==6.5.4",
      "description": "Tornado is a Python web framework and asynchronous networking library, originally developed at FriendFeed.",
      "externalReferences": [
        {
          "comment": "from packaging metadata Project-URL: Source",
          "type": "other",
          "url": "https://github.com/tornadoweb/tornado"
        },
        {
          "comment": "from packaging metadata: Home-page",
          "type": "website",
          "url": "http://www.tornadoweb.org/"
        }
      ],
      "licenses": [
        {
          "license": {
            "acknowledgement": "declared",
            "id": "Apache-2.0"
          }
        },
        {
          "license": {
            "acknowledgement": "declared",
            "name": "License :: OSI Approved :: Apache Software License"
          }
        }
      ],
      "name": "tornado",
      "purl": "pkg:pypi/tornado@6.5.4",
      "type": "library",
      "version": "6.5.4"
    },
    {
      "bom-ref": "typing_extensions==4.15.0",
      "description": "Backported and Experimental Type Hints for Python 3.9+",
      "externalReferences": [
        {
          "comment": "from packaging metadata Project-URL: Documentation",
          "type": "documentation",
          "url": "https://typing-extensions.readthedocs.io/"
        },
        {
          "comment": "from packaging metadata Project-URL: Bug Tracker",
          "type": "issue-tracker",
          "url": "https://github.com/python/typing_extensions/issues"
        },
        {
          "comment": "from packaging metadata Project-URL: Q & A",
          "type": "other",
          "url": "https://github.com/python/typing/discussions"
        },
        {
          "comment": "from packaging metadata Project-URL: Changes",
          "type": "release-notes",
          "url": "https://github.com/python/typing_extensions/blob/main/CHANGELOG.md"
        },
        {
          "comment": "from packaging metadata Project-URL: Repository",
          "type": "vcs",
          "url": "https://github.com/python/typing_extensions"
        },
        {
          "comment": "from packaging metadata Project-URL: Home",
          "type": "website",
          "url": "https://github.com/python/typing_extensions"
        }
      ],
      "licenses": [
        {
          "license": {
            "acknowledgement": "declared",
            "id": "PSF-2.0"
          }
        }
      ],
      "name": "typing_extensions",
      "purl": "pkg:pypi/typing-extensions@4.15.0",
      "type": "library",
      "version": "4.15.0"
    },
    {
      "bom-ref": "tzdata==2025.3",
      "description": "Provider of IANA time zone data",
      "externalReferences": [
        {
          "comment": "from packaging metadata Project-URL: Documentation",
          "type": "documentation",
          "url": "https://tzdata.readthedocs.io"
        },
        {
          "comment": "from packaging metadata Project-URL: Bug Reports",
          "type": "issue-tracker",
          "url": "https://github.com/python/tzdata/issues"
        },
        {
          "comment": "from packaging metadata Project-URL: Source",
          "type": "other",
          "url": "https://github.com/python/tzdata"
        },
        {
          "comment": "from packaging metadata: Home-page",
          "type": "website",
          "url": "https://github.com/python/tzdata"
        }
      ],
      "licenses": [
        {
          "license": {
            "acknowledgement": "declared",
            "id": "Apache-2.0"
          }
        }
      ],
      "name": "tzdata",
      "purl": "pkg:pypi/tzdata@2025.3",
      "type": "library",
      "version": "2025.3"
    },
    {
      "bom-ref": "uri-template==1.3.0",
      "description": "RFC 6570 URI Template Processor",
      "externalReferences": [
        {
          "comment": "from packaging metadata Project-URL: homepage",
          "type": "website",
          "url": "https://gitlab.linss.com/open-source/python/uri-template"
        }
      ],
      "licenses": [
        {
          "license": {
            "acknowledgement": "declared",
            "id": "MIT"
          }
        }
      ],
      "name": "uri-template",
      "purl": "pkg:pypi/uri-template@1.3.0",
      "type": "library",
      "version": "1.3.0"
    },
    {
      "bom-ref": "urllib3==2.6.2",
      "description": "HTTP library with thread-safe connection pooling, file post, and more.",
      "externalReferences": [
        {
          "comment": "from packaging metadata Project-URL: Documentation",
          "type": "documentation",
          "url": "https://urllib3.readthedocs.io"
        },
        {
          "comment": "from packaging metadata Project-URL: Issue tracker",
          "type": "issue-tracker",
          "url": "https://github.com/urllib3/urllib3/issues"
        },
        {
          "comment": "from packaging metadata Project-URL: Code",
          "type": "other",
          "url": "https://github.com/urllib3/urllib3"
        },
        {
          "comment": "from packaging metadata Project-URL: Changelog",
          "type": "release-notes",
          "url": "https://github.com/urllib3/urllib3/blob/main/CHANGES.rst"
        }
      ],
      "licenses": [
        {
          "license": {
            "acknowledgement": "declared",
            "id": "MIT"
          }
        }
      ],
      "name": "urllib3",
      "purl": "pkg:pypi/urllib3@2.6.2",
      "type": "library",
      "version": "2.6.2"
    },
    {
      "bom-ref": "watchdog==6.0.0",
      "description": "Filesystem events monitoring",
      "externalReferences": [
        {
          "comment": "from packaging metadata Project-URL: Documentation",
          "type": "documentation",
          "url": "https://python-watchdog.readthedocs.io/en/stable/"
        },
        {
          "comment": "from packaging metadata Project-URL: Issues",
          "type": "issue-tracker",
          "url": "https://github.com/gorakhargosh/watchdog/issues"
        },
        {
          "comment": "from packaging metadata Project-URL: Source",
          "type": "other",
          "url": "https://github.com/gorakhargosh/watchdog/"
        },
        {
          "comment": "from packaging metadata Project-URL: Changelog",
          "type": "release-notes",
          "url": "https://github.com/gorakhargosh/watchdog/blob/master/changelog.rst"
        },
        {
          "comment": "from packaging metadata: Home-page",
          "type": "website",
          "url": "https://github.com/gorakhargosh/watchdog"
        }
      ],
      "licenses": [
        {
          "license": {
            "acknowledgement": "declared",
            "id": "Apache-2.0"
          }
        },
        {
          "license": {
            "acknowledgement": "declared",
            "name": "License :: OSI Approved :: Apache Software License"
          }
        }
      ],
      "name": "watchdog",
      "purl": "pkg:pypi/watchdog@6.0.0",
      "type": "library",
      "version": "6.0.0"
    },
    {
      "bom-ref": "webcolors==25.10.0",
      "description": "A library for working with the color formats defined by HTML and CSS.",
      "externalReferences": [
        {
          "comment": "from packaging metadata Project-URL: Documentation",
          "type": "documentation",
          "url": "https://webcolors.readthedocs.io"
        },
        {
          "comment": "from packaging metadata Project-URL: Source Code",
          "type": "other",
          "url": "https://github.com/ubernostrum/webcolors"
        }
      ],
      "licenses": [
        {
          "license": {
            "acknowledgement": "declared",
            "id": "BSD-3-Clause"
          }
        },
        {
          "license": {
            "acknowledgement": "declared",
            "name": "License :: OSI Approved :: BSD License"
          }
        }
      ],
      "name": "webcolors",
      "purl": "pkg:pypi/webcolors@25.10.0",
      "type": "library",
      "version": "25.10.0"
    }
  ],
  "dependencies": [
    {
      "dependsOn": [
        "filelock==3.20.2",
        "msgpack==1.1.2",
        "requests==2.32.5"
      ],
      "ref": "CacheControl==0.14.4"
    },
    {
      "dependsOn": [
        "gitdb==4.0.12",
        "typing_extensions==4.15.0"
      ],
      "ref": "GitPython==3.1.46"
    },
    {
      "dependsOn": [
        "MarkupSafe==3.0.3"
      ],
      "ref": "Jinja2==3.1.6"
    },
    {
      "ref": "MarkupSafe==3.0.3"
    },
    {
      "ref": "PyYAML==6.0.3"
    },
    {
      "dependsOn": [
        "colorama==0.4.6"
      ],
      "ref": "Pygments==2.19.2"
    },
    {
      "dependsOn": [
        "Jinja2==3.1.6",
        "jsonschema==4.25.1",
        "narwhals==2.14.0",
        "numpy==2.4.0",
        "packaging==25.0",
        "pandas==2.3.3",
        "pillow==12.1.0",
        "pyarrow==22.0.0",
        "tomli==2.3.0",
        "typing_extensions==4.15.0"
      ],
      "ref": "altair==6.0.0"
    },
    {
      "dependsOn": [
        "python-dateutil==2.9.0.post0",
        "pytz==2025.2",
        "tzdata==2025.3"
      ],
      "ref": "arrow==1.4.0"
    },
    {
      "ref": "attrs==25.4.0"
    },
    {
      "dependsOn": [
        "GitPython==3.1.46",
        "PyYAML==6.0.3",
        "colorama==0.4.6",
        "rich==14.2.0",
        "stevedore==5.6.0",
        "tomli==2.3.0"
      ],
      "ref": "bandit==1.9.2"
    },
    {
      "ref": "blinker==1.9.0"
    },
    {
      "ref": "boolean.py==5.0"
    },
    {
      "ref": "cachetools==6.2.4"
    },
    {
      "ref": "certifi==2026.1.4"
    },
    {
      "ref": "chardet==5.2.0"
    },
    {
      "ref": "charset-normalizer==3.4.4"
    },
    {
      "dependsOn": [
        "colorama==0.4.6"
      ],
      "ref": "click==8.3.1"
    },
    {
      "ref": "colorama==0.4.6"
    },
    {
      "dependsOn": [
        "chardet==5.2.0",
        "cyclonedx-python-lib==11.6.0",
        "packageurl-python==0.17.6",
        "packaging==25.0",
        "pip-requirements-parser==32.0.1",
        "tomli==2.3.0"
      ],
      "ref": "cyclonedx-bom==7.2.1"
    },
    {
      "dependsOn": [
        "jsonschema==4.25.1",
        "license-expression==30.4.4",
        "lxml==6.0.2",
        "packageurl-python==0.17.6",
        "py-serializable==2.1.0",
        "referencing==0.37.0",
        "sortedcontainers==2.4.0",
        "typing_extensions==4.15.0"
      ],
      "ref": "cyclonedx-python-lib==11.6.0"
    },
    {
      "ref": "defusedxml==0.7.1"
    },
    {
      "ref": "et_xmlfile==2.0.0"
    },
    {
      "ref": "filelock==3.20.2"
    },
    {
      "ref": "fqdn==1.5.1"
    },
    {
      "dependsOn": [
        "smmap==5.0.2"
      ],
      "ref": "gitdb==4.0.12"
    },
    {
      "ref": "idna==3.11"
    },
    {
      "dependsOn": [
        "arrow==1.4.0"
      ],
      "ref": "isoduration==20.11.0"
    },
    {
      "ref": "jsonpointer==3.0.0"
    },
    {
      "dependsOn": [
        "referencing==0.37.0"
      ],
      "ref": "jsonschema-specifications==2025.9.1"
    },
    {
      "dependsOn": [
        "attrs==25.4.0",
        "fqdn==1.5.1",
        "idna==3.11",
        "isoduration==20.11.0",
        "jsonpointer==3.0.0",
        "jsonschema-specifications==2025.9.1",
        "referencing==0.37.0",
        "rfc3339-validator==0.1.4",
        "rfc3986-validator==0.1.1",
        "rfc3987-syntax==1.1.0",
        "rpds-py==0.30.0",
        "uri-template==1.3.0",
        "webcolors==25.10.0"
      ],
      "ref": "jsonschema==4.25.1"
    },
    {
      "ref": "lark==1.3.1"
    },
    {
      "dependsOn": [
        "boolean.py==5.0"
      ],
      "ref": "license-expression==30.4.4"
    },
    {
      "ref": "lxml==6.0.2"
    },
    {
      "dependsOn": [
        "PyYAML==6.0.3",
        "mdurl==0.1.2",
        "requests==2.32.5"
      ],
      "ref": "markdown-it-py==4.0.0"
    },
    {
      "ref": "mdurl==0.1.2"
    },
    {
      "ref": "msgpack==1.1.2"
    },
    {
      "dependsOn": [
        "packaging==25.0",
        "pandas==2.3.3",
        "pyarrow==22.0.0",
        "rich==14.2.0"
      ],
      "ref": "narwhals==2.14.0"
    },
    {
      "ref": "numpy==2.4.0"
    },
    {
      "dependsOn": [
        "et_xmlfile==2.0.0"
      ],
      "ref": "openpyxl==3.1.5"
    },
    {
      "ref": "packageurl-python==0.17.6"
    },
    {
      "ref": "packaging==25.0"
    },
    {
      "dependsOn": [
        "Jinja2==3.1.6",
        "lxml==6.0.2",
        "numpy==2.4.0",
        "openpyxl==3.1.5",
        "pyarrow==22.0.0",
        "python-dateutil==2.9.0.post0",
        "pytz==2025.2",
        "tzdata==2025.3"
      ],
      "ref": "pandas==2.3.3"
    },
    {
      "dependsOn": [
        "defusedxml==0.7.1",
        "packaging==25.0",
        "pyarrow==22.0.0"
      ],
      "ref": "pillow==12.1.0"
    },
    {
      "dependsOn": [
        "pip==25.3"
      ],
      "ref": "pip-api==0.0.34"
    },
    {
      "dependsOn": [
        "packaging==25.0",
        "pyparsing==3.3.1"
      ],
      "ref": "pip-requirements-parser==32.0.1"
    },
    {
      "ref": "pip==25.3"
    },
    {
      "dependsOn": [
        "CacheControl==0.14.4",
        "cyclonedx-python-lib==11.6.0",
        "packaging==25.0",
        "pip-api==0.0.34",
        "pip-requirements-parser==32.0.1",
        "platformdirs==4.5.1",
        "requests==2.32.5",
        "rich==14.2.0",
        "tomli==2.3.0",
        "tomli_w==1.2.0"
      ],
      "ref": "pip_audit==2.10.0"
    },
    {
      "ref": "platformdirs==4.5.1"
    },
    {
      "ref": "protobuf==6.33.2"
    },
    {
      "dependsOn": [
        "defusedxml==0.7.1"
      ],
      "ref": "py-serializable==2.1.0"
    },
    {
      "ref": "pyarrow==22.0.0"
    },
    {
      "dependsOn": [
        "Jinja2==3.1.6",
        "numpy==2.4.0"
      ],
      "ref": "pydeck==0.9.1"
    },
    {
      "dependsOn": [
        "Jinja2==3.1.6"
      ],
      "ref": "pyparsing==3.3.1"
    },
    {
      "dependsOn": [
        "six==1.17.0"
      ],
      "ref": "python-dateutil==2.9.0.post0"
    },
    {
      "ref": "pytz==2025.2"
    },
    {
      "dependsOn": [
        "attrs==25.4.0",
        "rpds-py==0.30.0",
        "typing_extensions==4.15.0"
      ],
      "ref": "referencing==0.37.0"
    },
    {
      "dependsOn": [
        "certifi==2026.1.4",
        "chardet==5.2.0",
        "charset-normalizer==3.4.4",
        "idna==3.11",
        "urllib3==2.6.2"
      ],
      "ref": "requests==2.32.5"
    },
    {
      "dependsOn": [
        "six==1.17.0"
      ],
      "ref": "rfc3339-validator==0.1.4"
    },
    {
      "ref": "rfc3986-validator==0.1.1"
    },
    {
      "dependsOn": [
        "lark==1.3.1"
      ],
      "ref": "rfc3987-syntax==1.1.0"
    },
    {
      "dependsOn": [
        "Pygments==2.19.2",
        "markdown-it-py==4.0.0"
      ],
      "ref": "rich==14.2.0"
    },
    {
      "ref": "rpds-py==0.30.0"
    },
    {
      "ref": "six==1.17.0"
    },
    {
      "ref": "smmap==5.0.2"
    },
    {
      "ref": "sortedcontainers==2.4.0"
    },
    {
      "ref": "stevedore==5.6.0"
    },
    {
      "dependsOn": [
        "GitPython==3.1.46",
        "altair==6.0.0",
        "blinker==1.9.0",
        "cachetools==6.2.4",
        "click==8.3.1",
        "numpy==2.4.0",
        "packaging==25.0",
        "pandas==2.3.3",
        "pillow==12.1.0",
        "protobuf==6.33.2",
        "pyarrow==22.0.0",
        "pydeck==0.9.1",
        "requests==2.32.5",
        "rich==14.2.0",
        "tenacity==9.1.2",
        "toml==0.10.2",
        "tornado==6.5.4",
        "typing_extensions==4.15.0",
        "watchdog==6.0.0"
      ],
      "ref": "streamlit==1.52.2"
    },
    {
      "dependsOn": [
        "tornado==6.5.4"
      ],
      "ref": "tenacity==9.1.2"
    },
    {
      "ref": "toml==0.10.2"
    },
    {
      "ref": "tomli==2.3.0"
    },
    {
      "ref": "tomli_w==1.2.0"
    },
    {
      "ref": "tornado==6.5.4"
    },
    {
      "ref": "typing_extensions==4.15.0"
    },
    {
      "ref": "tzdata==2025.3"
    },
    {
      "ref": "uri-template==1.3.0"
    },
    {
      "ref": "urllib3==2.6.2"
    },
    {
      "dependsOn": [
        "PyYAML==6.0.3"
      ],
      "ref": "watchdog==6.0.0"
    },
    {
      "ref": "webcolors==25.10.0"
    }
  ],
  "metadata": {
    "timestamp": "2026-01-07T04:06:31.071549+00:00",
    "tools": {
      "components": [
        {
          "description": "CycloneDX Software Bill of Materials (SBOM) generator for Python projects and environments",
          "externalReferences": [
            {
              "type": "build-system",
              "url": "https://github.com/CycloneDX/cyclonedx-python/actions"
            },
            {
              "type": "distribution",
              "url": "https://pypi.org/project/cyclonedx-bom/"
            },
            {
              "type": "documentation",
              "url": "https://cyclonedx-bom-tool.readthedocs.io/"
            },
            {
              "type": "issue-tracker",
              "url": "https://github.com/CycloneDX/cyclonedx-python/issues"
            },
            {
              "type": "license",
              "url": "https://github.com/CycloneDX/cyclonedx-python/blob/main/LICENSE"
            },
            {
              "type": "release-notes",
              "url": "https://github.com/CycloneDX/cyclonedx-python/blob/main/CHANGELOG.md"
            },
            {
              "type": "vcs",
              "url": "https://github.com/CycloneDX/cyclonedx-python/"
            },
            {
              "type": "website",
              "url": "https://github.com/CycloneDX/cyclonedx-python/#readme"
            }
          ],
          "group": "CycloneDX",
          "licenses": [
            {
              "license": {
                "acknowledgement": "declared",
                "id": "Apache-2.0"
              }
            }
          ],
          "name": "cyclonedx-py",
          "type": "application",
          "version": "7.2.1"
        },
        {
          "description": "Python library for CycloneDX",
          "externalReferences": [
            {
              "type": "build-system",
              "url": "https://github.com/CycloneDX/cyclonedx-python-lib/actions"
            },
            {
              "type": "distribution",
              "url": "https://pypi.org/project/cyclonedx-python-lib/"
            },
            {
              "type": "documentation",
              "url": "https://cyclonedx-python-library.readthedocs.io/"
            },
            {
              "type": "issue-tracker",
              "url": "https://github.com/CycloneDX/cyclonedx-python-lib/issues"
            },
            {
              "type": "license",
              "url": "https://github.com/CycloneDX/cyclonedx-python-lib/blob/main/LICENSE"
            },
            {
              "type": "release-notes",
              "url": "https://github.com/CycloneDX/cyclonedx-python-lib/blob/main/CHANGELOG.md"
            },
            {
              "type": "vcs",
              "url": "https://github.com/CycloneDX/cyclonedx-python-lib"
            },
            {
              "type": "website",
              "url": "https://github.com/CycloneDX/cyclonedx-python-lib/#readme"
            }
          ],
          "group": "CycloneDX",
          "licenses": [
            {
              "license": {
                "acknowledgement": "declared",
                "id": "Apache-2.0"
              }
            }
          ],
          "name": "cyclonedx-python-lib",
          "type": "library",
          "version": "11.6.0"
        }
      ]
    }
  },
  "serialNumber": "urn:uuid:1c125e42-560a-4739-a0fb-ccbb74bbd16e",
  "version": 1,
  "$schema": "http://cyclonedx.org/schema/bom-1.6.schema.json",
  "bomFormat": "CycloneDX",
  "specVersion": "1.6"
}